{
  "model": "tensorflow_dense_nn",
  "threshold": 0.5,
  "train": {
    "acc": 0.7828571428571428,
    "precision": 0.7647058823529411,
    "recall": 0.8171428571428572,
    "f1": 0.7900552486187845,
    "auc": 0.8681959183673469,
    "cm": [
      [
        262,
        88
      ],
      [
        64,
        286
      ]
    ]
  },
  "valid": {
    "acc": 0.7727272727272727,
    "precision": 0.6417910447761194,
    "recall": 0.7962962962962963,
    "f1": 0.7107438016528925,
    "auc": 0.856111111111111,
    "cm": [
      [
        76,
        24
      ],
      [
        11,
        43
      ]
    ]
  },
  "test": {
    "acc": 0.7792207792207793,
    "precision": 0.6388888888888888,
    "recall": 0.8518518518518519,
    "f1": 0.7301587301587301,
    "auc": 0.8377777777777777,
    "cm": [
      [
        37,
        13
      ],
      [
        4,
        23
      ]
    ]
  }
}